score,name,category,phone,website,status,gaps,rating,reviews,city,slug,verify_on_google,failing
101,UniPrice Cleaners,dry cleaning,+1 414 223 3111,http://uniprice-cleaners.com/brady.htm,live,10,,,Milwaukee,uniprice-cleaners,https://www.google.com/maps/search/?api=1&query=UniPrice%20Cleaners%201229%20East%20Brady%20Street%20Milwaukee%20WI,mobile https phoneTap address services reviews cta seo meta social
87,Bennett Coachworks,car repair,+1 414 298 2068,http://www.hotrodbuilders.com,live,9,,,Milwaukee,bennett-coachworks,https://www.google.com/maps/search/?api=1&query=Bennett%20Coachworks%201500%20North%20Vel%20R.%20Phillips%20Avenue%20Milwaukee%20CA,mobile speed phoneTap hours address services reviews seo social
85,La Posh Salon,hairdresser,+1 414 264 7674,https://www.laposhsalonmke.com,© 2016,8,,,Milwaukee,la-posh-salon,https://www.google.com/maps/search/?api=1&query=La%20Posh%20Salon%20215%20West%20North%20Avenue%20Milwaukee%20WI,mobile speed phoneTap hours address services reviews cta
85,TRIM,hairdresser,+1-615-269-8029,https://www.trimnashville.com/,© 1999,10,,,Nashville,trim,https://www.google.com/maps/search/?api=1&query=TRIM%202315%2012th%20Avenue%20South%20Nashville%20TN,speed phoneTap hours address services reviews cta seo meta social
85,"Soul Collective MKE, LP",fitness centre,+1 414-436-3296,https://soulcollectivemke.com/,© 1999,10,,,Milwaukee,soul-collective-mke-lp,https://www.google.com/maps/search/?api=1&query=Soul%20Collective%20MKE%2C%20LP%20900%20South%205th%20Street%20Milwaukee%20WI,speed phoneTap hours address services reviews cta seo meta social
83,Gloss Nail Spa,beauty,+1 414 273 1741,http://www.glossnailspa.net,live,8,,,Milwaukee,gloss-nail-spa,https://www.google.com/maps/search/?api=1&query=Gloss%20Nail%20Spa%201545%20North%20Water%20Street%20Milwaukee%20CA,https speed hours services reviews seo meta social
83,Tess Hair & Wig Boutique,beauty,+1 414 271 9447,http://www.wigs4utessbeautysupply.com,live,10,,,Milwaukee,tess-hair-and-wig-boutique,https://www.google.com/maps/search/?api=1&query=Tess%20Hair%20%26%20Wig%20Boutique%201531%20North%20Farwell%20Avenue%20Milwaukee%20WI,https speed phoneTap hours address services reviews cta seo social
80,Residence,furniture,,http://www.residencemilwaukee.com,© 2023,7,,,Milwaukee,residence,https://www.google.com/maps/search/?api=1&query=Residence%20612%20North%20Broadway%20Milwaukee%20CA,mobile speed phoneTap hours address services reviews
79,"SLC Services, Inc.",accountant,+1-704-531-7715,https://slcservices.biz/,© 2023,6,,,Charlotte,slc-services-inc,https://www.google.com/maps/search/?api=1&query=SLC%20Services%2C%20Inc.%20415%20S%20Sharon%20Amity%20Rd%20Charlotte%20NC,speed services reviews seo meta social
79,McCormick Law Office,lawyer,+1 414 272 3636,https://www.danmccormicklaw.com/,© 2020,7,,,,mccormick-law-office,https://www.google.com/maps/search/?api=1&query=McCormick%20Law%20Office%20San%20Diego%20CA,phoneTap hours address reviews seo meta social
79,Leavened,bakery,+1-216-260-1666,https://leavenedcle.com/,© 2022,7,,,Cleveland,leavened,https://www.google.com/maps/search/?api=1&query=Leavened%201633%20Auburn%20Avenue%20Cleveland%20OH,speed address services reviews seo meta social
75,Marquette University Medical Clinic,doctors,+1 414 288 7184,https://www.marquette.edu/medical-clinic/,live,7,,,Milwaukee,marquette-university-medical-clinic,https://www.google.com/maps/search/?api=1&query=Marquette%20University%20Medical%20Clinic%20545%20North%2015th%20Street%20Milwaukee%20CA,speed phoneTap address services seo meta social
75,Yeast Nashville,bakery,+1-615-678-4592,https://www.yeastnashville.com/,live,7,,,Nashville,yeast-nashville,https://www.google.com/maps/search/?api=1&query=Yeast%20Nashville%20805%20Woodland%20Street%20Nashville%20TN,mobile speed hours address services reviews meta
75,East Nashville Family Medicine,doctors,+1-615-469-5555,https://www.eastnashvillefamilymed.com/,live,6,,,Nashville,east-nashville-family-medicine,https://www.google.com/maps/search/?api=1&query=East%20Nashville%20Family%20Medicine%20801%20Woodland%20Street%20Nashville%20TN,mobile speed address services reviews meta
75,Vitality,fitness centre,+1 414 800 6033,https://vitalitymke.com/,live,8,,,Milwaukee,vitality,https://www.google.com/maps/search/?api=1&query=Vitality%20222%20East%20Erie%20Street%20Milwaukee%20CA,speed phoneTap address services reviews seo meta social
75,Le Fleur Spa,massage,+17043945100,http://bodyrubscharlotte.org/,live,10,,,Charlotte,le-fleur-spa,https://www.google.com/maps/search/?api=1&query=Le%20Fleur%20Spa%20714%20Montana%20Drive%20Charlotte%20NC,speed phoneTap hours address services reviews cta seo meta social
73,Shred415,fitness centre,+1 414 837 6380,https://shred415.com/locations/eastside,© 2023,7,,,Milwaukee,shred415,https://www.google.com/maps/search/?api=1&query=Shred415%202165%20North%20Prospect%20Avenue%20Milwaukee%20WI,speed phoneTap hours address services reviews meta
73,"William Linger, DDS, MAGD",dentist,+1-704-364-2510,https://www.drlinger.com,© 2021,7,,,Charlotte,william-linger-dds-magd,https://www.google.com/maps/search/?api=1&query=William%20Linger%2C%20DDS%2C%20MAGD%20435%20N%20Wendover%20Road%20Charlotte%20NC,speed phoneTap hours address services reviews seo
69,Ellipse Fitness,fitness centre,+1 414 224 7870,http://ellipsefitness.com/locations-2/third-ward-ellipse-fitness/,live,7,,,Milwaukee,ellipse-fitness,https://www.google.com/maps/search/?api=1&query=Ellipse%20Fitness%20597%20East%20Erie%20Street%20Milwaukee%20CA,speed phoneTap hours address reviews seo meta
69,Scottfree Salon,hairdresser,+1 414 223 0896,http://www.scottfreesalon.com,live,9,,,Milwaukee,scottfree-salon,https://www.google.com/maps/search/?api=1&query=Scottfree%20Salon%20726%20North%20Milwaukee%20Street%20Milwaukee%20CA,phoneTap hours address services reviews cta seo meta social
69,MATC Dental Clinic,dentist,+1 414 297 6573,http://www.matc.edu/communityresources/dental.cfm,live,8,,,,matc-dental-clinic,https://www.google.com/maps/search/?api=1&query=MATC%20Dental%20Clinic%20San%20Diego%20CA,speed hours address services reviews seo meta social
69,Metro Eye,optician,+1 414 727 5888,http://metroeye.biz,live,9,,,,metro-eye,https://www.google.com/maps/search/?api=1&query=Metro%20Eye%20San%20Diego%20CA,phoneTap hours address services reviews cta seo meta social
69,The Shoppe,hairdresser,+1 414 224 1474,http://www.theshoppemke.com,live,9,,,Milwaukee,the-shoppe,https://www.google.com/maps/search/?api=1&query=The%20Shoppe%20155%20North%20Milwaukee%20Street%20Milwaukee%20CA,speed phoneTap hours address services reviews cta seo meta
69,Halo Hair Spa,hairdresser,+1 414 272 4256,https://halosalonmke.com/,live,9,,,Milwaukee,halo-hair-spa,https://www.google.com/maps/search/?api=1&query=Halo%20Hair%20Spa%201221%20East%20Brady%20Street%20Milwaukee%20WI,phoneTap hours address services reviews cta seo meta social
69,Futen Dojo,dojo,+1 414 736 9272,https://www.futendojo.com/,live,6,,,Milwaukee,futen-dojo,https://www.google.com/maps/search/?api=1&query=Futen%20Dojo%201338%20East%20Brady%20Street%20Milwaukee%20WI,speed hours reviews seo meta social
69,Retro Fitness,fitness centre,+1-877-291-4306,https://retrofitness.com/location/jaxbaymeadows/,live,9,,,Jacksonville,retro-fitness,https://www.google.com/maps/search/?api=1&query=Retro%20Fitness%209802-05%20Baymeadows%20Road%20Jacksonville%20FL,phoneTap hours address services reviews cta seo meta social
69,Founders 3 Real Estate Services,estate agent,+1 414 271 1111,https://founders3.com,live,9,,,,founders-3-real-estate-services,https://www.google.com/maps/search/?api=1&query=Founders%203%20Real%20Estate%20Services%20San%20Diego%20CA,phoneTap hours address services reviews cta seo meta social
69,Chic Nails,beauty,+1 414 439 5561,http://www.chicnailsmke.com/,live,9,,,Milwaukee,chic-nails,https://www.google.com/maps/search/?api=1&query=Chic%20Nails%202109%20North%20Prospect%20Avenue%20Milwaukee%20WI,phoneTap hours address services reviews cta seo meta social
69,Top Tiger Team Boxing,fitness centre,+1-704-998-1961,https://toptigerteamboxing.com/,live,7,,,Charlotte,top-tiger-team-boxing,https://www.google.com/maps/search/?api=1&query=Top%20Tiger%20Team%20Boxing%202417%20North%20Tryon%20Street%20Charlotte%20NC,phoneTap hours address cta seo meta social
69,Florida First Insurance Group,insurance,+1-904-374-3795,https://fl1stins.com/,live,7,,,Jacksonville,florida-first-insurance-group,https://www.google.com/maps/search/?api=1&query=Florida%20First%20Insurance%20Group%20263%20River%20Hills%20Drive%20Jacksonville%20FL,speed hours address services seo meta social
69,King's Head Hair Salon,hairdresser,+1 414 273 7980,https://kingshead.com,live,9,,,,king-s-head-hair-salon,https://www.google.com/maps/search/?api=1&query=King's%20Head%20Hair%20Salon%20San%20Diego%20CA,phoneTap hours address services reviews cta seo meta social
69,Great Jones,estate agent,+1-317-740-1657,https://www.greatjones.co/greater-indianapolis,live,8,,,Indianapolis,great-jones,https://www.google.com/maps/search/?api=1&query=Great%20Jones%2055%20Monument%20Circle%20Indianapolis%20IN,speed phoneTap hours address services reviews seo social
69,Great Jones,estate agent,+1-704-834-1048,https://www.greatjones.co/greater-charlotte,live,8,,,Charlotte,great-jones,https://www.google.com/maps/search/?api=1&query=Great%20Jones%201026%20Jay%20St%20Charlotte%20NC,speed phoneTap hours address services reviews seo social
69,Fusco Law Group,lawyer,+1-904-567-3113,https://fuscolaw.org/,live,9,,,Jacksonville,fusco-law-group,https://www.google.com/maps/search/?api=1&query=Fusco%20Law%20Group%20630%20West%20Adams%20Street%20Jacksonville%20FL,phoneTap hours address services reviews cta seo meta social
69,Community Roofing & Restoration,roofer,+1 414-332-1139,https://www.communityroofingandrestoration.com/,live,9,,,Milwaukee,community-roofing-and-restoration,https://www.google.com/maps/search/?api=1&query=Community%20Roofing%20%26%20Restoration%201776%20North%20Water%20Street%20Milwaukee%20WI,phoneTap hours address services reviews cta seo meta social
64,Grassmere Animal Hospital,veterinary,,https://www.grassmereanimalhospital.com/,live,8,,,,grassmere-animal-hospital,https://www.google.com/maps/search/?api=1&query=Grassmere%20Animal%20Hospital%203926%20Nolensville%20Pike%20San%20Diego%20CA,speed phoneTap address services reviews cta seo meta
64,LB&J CPAs,accountant,,https://www.lbjcpa.com/,live,9,,,,lb-and-j-cpas,https://www.google.com/maps/search/?api=1&query=LB%26J%20CPAs%20San%20Diego%20CA,phoneTap hours address services reviews cta seo meta social
63,Carriage Cleaners,dry cleaning,+1 414 277 1037,http://carriagecleaners.com,live,7,,,,carriage-cleaners,https://www.google.com/maps/search/?api=1&query=Carriage%20Cleaners%20San%20Diego%20CA,speed phoneTap hours address reviews cta social
63,Invivo Wellness,fitness centre,+1 414 265 5606,https://invivowellness.com/,live,8,,,Milwaukee,invivo-wellness,https://www.google.com/maps/search/?api=1&query=Invivo%20Wellness%202060%20North%20Humboldt%20Avenue%20Milwaukee%20WI,speed phoneTap hours address services reviews cta seo
63,Brew City Locksmith,locksmith,+1 414 350 7777,https://sites.google.com/site/brewcitylocksmith,live,8,,,,brew-city-locksmith,https://www.google.com/maps/search/?api=1&query=Brew%20City%20Locksmith%20San%20Diego%20CA,phoneTap hours address services reviews cta seo social
63,Archambeaus Salon,hairdresser,+1 414 272 1028,https://www.stephaniebarenz.com/,live,7,,,Milwaukee,archambeaus-salon,https://www.google.com/maps/search/?api=1&query=Archambeaus%20Salon%20419%20East%20Menomonee%20Street%20Milwaukee%20CA,speed phoneTap hours address reviews cta meta
63,ASCENT Gym,fitness centre,+1 414 350 6064,https://www.ascentforlife.org,live,8,,,,ascent-gym,https://www.google.com/maps/search/?api=1&query=ASCENT%20Gym%20San%20Diego%20CA,phoneTap hours address services reviews cta seo meta
63,The Centre For Exceptional Dentistry,dentist,+1 414 372 7374,http://www.centredentistry.com,live,4,,,Milwaukee,the-centre-for-exceptional-dentistry,https://www.google.com/maps/search/?api=1&query=The%20Centre%20For%20Exceptional%20Dentistry%201825%20North%20Doctor%20Martin%20Luther%20King%20Junior%20Drive%20Milwaukee%20CA,speed services meta social
63,Charles Schwab,bank,+1 414 319 5411,https://client.schwab.com/public/branchlocator/branchdetails.aspx?branchid=1125,live,5,,,,charles-schwab,https://www.google.com/maps/search/?api=1&query=Charles%20Schwab%20San%20Diego%20CA,speed hours reviews seo social
63,Top of the Line,hairdresser,+1 216 459 2887,https://www.topofthelinebarbers.com/,live,4,,,Cleveland,top-of-the-line,https://www.google.com/maps/search/?api=1&query=Top%20of%20the%20Line%204191%20Pearl%20Road%20Cleveland%20OH,speed reviews seo meta
63,SunSeekers by Rosie,beauty,+1 414 224 1400,https://sunseekerstan.com/,live,7,,,Milwaukee,sunseekers-by-rosie,https://www.google.com/maps/search/?api=1&query=SunSeekers%20by%20Rosie%202141%20North%20Prospect%20Avenue%20Milwaukee%20WI,phoneTap hours address services reviews seo meta
63,Law Office of Matthew J. Linn,lawyer,+1 414 273 5781,http://linn-law.com,live,8,,,Milwaukee,law-office-of-matthew-j-linn,https://www.google.com/maps/search/?api=1&query=Law%20Office%20of%20Matthew%20J.%20Linn%202327%20North%20Murray%20Avenue%20Milwaukee%20WI,phoneTap hours address services reviews cta seo meta
63,BrewCity CrossFit,fitness centre,+1 414 207 7851,http://www.brewcitycrossfit.com/,live,6,,,Milwaukee,brewcity-crossfit,https://www.google.com/maps/search/?api=1&query=BrewCity%20CrossFit%201539%20West%20Saint%20Paul%20Avenue%20Milwaukee%20WI,speed phoneTap hours services reviews meta
63,Silva Furniture,furniture,+1-980-585-1461,https://silvafurniture.com/,live,7,,,Charlotte,silva-furniture,https://www.google.com/maps/search/?api=1&query=Silva%20Furniture%204300%20Northlake%20Court%20Charlotte%20NC,speed phoneTap hours address services reviews seo
58,MinuteClinic,doctors,,https://www.cvs.com/minuteclinic/clinic-locator/wi/milwaukee/8763.html,live,3,,,,minuteclinic,https://www.google.com/maps/search/?api=1&query=MinuteClinic%20San%20Diego%20CA,speed phoneTap social
58,"Lindsay Foods, Inc.",butcher,,https://lindsayfoods.com/,live,7,,,Milwaukee,lindsay-foods-inc,https://www.google.com/maps/search/?api=1&query=Lindsay%20Foods%2C%20Inc.%202211%20West%20National%20Avenue%20Milwaukee%20WI,phoneTap hours address services reviews seo social
