table,id,label,evidence
customers,1,Halcyon Goods,"is_fixture = 1, stamped by monti.seed at insert time"
customers,2,Northfield Outfitters,"is_fixture = 1, stamped by monti.seed at insert time"
customers,3,Verano Skincare,"is_fixture = 1, stamped by monti.seed at insert time"
customers,4,Grit & Grain Coffee,"is_fixture = 1, stamped by monti.seed at insert time"
customers,5,Solace Home,"is_fixture = 1, stamped by monti.seed at insert time"
customers,6,Serena Williams,"is_fixture = 1, stamped by monti.seed at insert time"
customers,7,Keanu Reeves,"is_fixture = 1, stamped by monti.seed at insert time"
customers,8,Zendaya,"is_fixture = 1, stamped by monti.seed at insert time"
customers,9,Idris Elba,"is_fixture = 1, stamped by monti.seed at insert time"
customers,10,Rihanna,"is_fixture = 1, stamped by monti.seed at insert time"
applications,1,Halcyon Goods,"is_fixture = 1, stamped by monti.seed at insert time"
applications,2,Grit & Grain Coffee,"is_fixture = 1, stamped by monti.seed at insert time"
applications,3,Verano Skincare,"is_fixture = 1, stamped by monti.seed at insert time"
applications,4,Northfield Outfitters,"is_fixture = 1, stamped by monti.seed at insert time"
applications,5,Lumen Retail Group,"is_fixture = 1, stamped by monti.seed at insert time"
quotes,1,MMI-Q-5001,"is_fixture = 1, stamped by monti.seed at insert time"
quotes,2,MMI-Q-5002,"is_fixture = 1, stamped by monti.seed at insert time"
quotes,3,MMI-Q-5003,"is_fixture = 1, stamped by monti.seed at insert time"
quotes,4,MMI-Q-5004,"is_fixture = 1, stamped by monti.seed at insert time"
quotes,5,MMI-Q-5005,"is_fixture = 1, stamped by monti.seed at insert time"
quotes,6,MMI-Q-5006,"is_fixture = 1, stamped by monti.seed at insert time"
quotes,7,MMI-Q-5007,"is_fixture = 1, stamped by monti.seed at insert time"
quotes,8,MMI-Q-5008,"is_fixture = 1, stamped by monti.seed at insert time"
quotes,9,MMI-Q-5009,"is_fixture = 1, stamped by monti.seed at insert time"
quotes,10,MMI-Q-5010,"is_fixture = 1, stamped by monti.seed at insert time"
quotes,11,MMI-Q-5011,"is_fixture = 1, stamped by monti.seed at insert time"
quotes,12,MMI-Q-5012,"is_fixture = 1, stamped by monti.seed at insert time"
quotes,13,MMI-Q-1001,"is_fixture = 1, stamped by monti.seed at insert time"
quotes,14,MMI-Q-1002,"is_fixture = 1, stamped by monti.seed at insert time"
quotes,15,MMI-Q-1003,"is_fixture = 1, stamped by monti.seed at insert time"
quotes,16,MMI-Q-1004,"is_fixture = 1, stamped by monti.seed at insert time"
quotes,17,MMI-Q-1005,"is_fixture = 1, stamped by monti.seed at insert time"
quotes,18,MMI-Q-1006,"is_fixture = 1, stamped by monti.seed at insert time"
quotes,19,MMI-Q-5013,"is_fixture = 1, stamped by monti.seed at insert time"
quotes,20,MMI-Q-5014,"is_fixture = 1, stamped by monti.seed at insert time"
quotes,21,MMI-Q-5015,"is_fixture = 1, stamped by monti.seed at insert time"
orders,1,MMI-O-2001,"is_fixture = 1, stamped by monti.seed at insert time"
orders,2,MMI-O-2002,"is_fixture = 1, stamped by monti.seed at insert time"
orders,3,MMI-O-2003,"is_fixture = 1, stamped by monti.seed at insert time"
orders,4,MMI-O-2004,"is_fixture = 1, stamped by monti.seed at insert time"
orders,5,MMI-O-3001,"is_fixture = 1, stamped by monti.seed at insert time"
orders,6,MMI-O-3002,"is_fixture = 1, stamped by monti.seed at insert time"
orders,7,MMI-O-3003,"is_fixture = 1, stamped by monti.seed at insert time"
orders,8,MMI-O-3004,"is_fixture = 1, stamped by monti.seed at insert time"
orders,9,MMI-O-3005,"is_fixture = 1, stamped by monti.seed at insert time"
orders,10,MMI-O-3006,"is_fixture = 1, stamped by monti.seed at insert time"
orders,11,MMI-O-3007,"is_fixture = 1, stamped by monti.seed at insert time"
orders,12,MMI-O-3008,"is_fixture = 1, stamped by monti.seed at insert time"
orders,13,MMI-O-3009,"is_fixture = 1, stamped by monti.seed at insert time"
orders,14,MMI-O-3010,"is_fixture = 1, stamped by monti.seed at insert time"
orders,15,MMI-O-3011,"is_fixture = 1, stamped by monti.seed at insert time"
orders,16,MMI-O-3012,"is_fixture = 1, stamped by monti.seed at insert time"
orders,17,MMI-O-3013,"is_fixture = 1, stamped by monti.seed at insert time"
orders,18,MMI-O-3014,"is_fixture = 1, stamped by monti.seed at insert time"
orders,19,MMI-O-3015,"is_fixture = 1, stamped by monti.seed at insert time"
orders,20,MMI-O-3016,"is_fixture = 1, stamped by monti.seed at insert time"
orders,21,MMI-O-3017,"is_fixture = 1, stamped by monti.seed at insert time"
orders,22,MMI-O-3018,"is_fixture = 1, stamped by monti.seed at insert time"
orders,23,MMI-O-3019,"is_fixture = 1, stamped by monti.seed at insert time"
orders,24,MMI-O-3020,"is_fixture = 1, stamped by monti.seed at insert time"
orders,25,MMI-O-3021,"is_fixture = 1, stamped by monti.seed at insert time"
orders,26,MMI-O-3022,"is_fixture = 1, stamped by monti.seed at insert time"
orders,27,MMI-O-3023,"is_fixture = 1, stamped by monti.seed at insert time"
orders,28,MMI-O-3024,"is_fixture = 1, stamped by monti.seed at insert time"
orders,29,MMI-O-3025,"is_fixture = 1, stamped by monti.seed at insert time"
orders,30,MMI-O-3026,"is_fixture = 1, stamped by monti.seed at insert time"
orders,31,MMI-O-3027,"is_fixture = 1, stamped by monti.seed at insert time"
orders,32,MMI-O-3028,"is_fixture = 1, stamped by monti.seed at insert time"
orders,33,MMI-O-3029,"is_fixture = 1, stamped by monti.seed at insert time"
orders,34,MMI-O-3030,"is_fixture = 1, stamped by monti.seed at insert time"
orders,35,MMI-O-3031,"is_fixture = 1, stamped by monti.seed at insert time"
orders,36,MMI-O-3032,"is_fixture = 1, stamped by monti.seed at insert time"
orders,37,MMI-O-3033,"is_fixture = 1, stamped by monti.seed at insert time"
orders,38,MMI-O-3034,"is_fixture = 1, stamped by monti.seed at insert time"
orders,39,MMI-O-3035,"is_fixture = 1, stamped by monti.seed at insert time"
orders,40,MMI-O-3036,"is_fixture = 1, stamped by monti.seed at insert time"
orders,41,MMI-O-3037,"is_fixture = 1, stamped by monti.seed at insert time"
orders,42,MMI-O-3038,"is_fixture = 1, stamped by monti.seed at insert time"
orders,43,MMI-O-3039,"is_fixture = 1, stamped by monti.seed at insert time"
orders,44,MMI-O-3040,"is_fixture = 1, stamped by monti.seed at insert time"
orders,45,MMI-O-3041,"is_fixture = 1, stamped by monti.seed at insert time"
orders,46,MMI-O-3042,"is_fixture = 1, stamped by monti.seed at insert time"
orders,47,MMI-O-3043,"is_fixture = 1, stamped by monti.seed at insert time"
orders,48,MMI-O-3044,"is_fixture = 1, stamped by monti.seed at insert time"
orders,49,MMI-O-3045,"is_fixture = 1, stamped by monti.seed at insert time"
orders,50,MMI-O-3046,"is_fixture = 1, stamped by monti.seed at insert time"
orders,51,MMI-O-3047,"is_fixture = 1, stamped by monti.seed at insert time"
orders,52,MMI-O-3048,"is_fixture = 1, stamped by monti.seed at insert time"
orders,53,MMI-O-3049,"is_fixture = 1, stamped by monti.seed at insert time"
orders,54,MMI-O-3050,"is_fixture = 1, stamped by monti.seed at insert time"
orders,55,MMI-O-3051,"is_fixture = 1, stamped by monti.seed at insert time"
orders,56,MMI-O-3052,"is_fixture = 1, stamped by monti.seed at insert time"
orders,57,MMI-O-3053,"is_fixture = 1, stamped by monti.seed at insert time"
orders,58,MMI-O-3054,"is_fixture = 1, stamped by monti.seed at insert time"
orders,59,MMI-O-3055,"is_fixture = 1, stamped by monti.seed at insert time"
orders,60,MMI-O-3056,"is_fixture = 1, stamped by monti.seed at insert time"
orders,61,MMI-O-3057,"is_fixture = 1, stamped by monti.seed at insert time"
orders,62,MMI-O-3058,"is_fixture = 1, stamped by monti.seed at insert time"
orders,63,MMI-O-3059,"is_fixture = 1, stamped by monti.seed at insert time"
orders,64,MMI-O-3060,"is_fixture = 1, stamped by monti.seed at insert time"
orders,65,MMI-O-3061,"is_fixture = 1, stamped by monti.seed at insert time"
orders,66,MMI-O-3062,"is_fixture = 1, stamped by monti.seed at insert time"
orders,67,MMI-O-3063,"is_fixture = 1, stamped by monti.seed at insert time"
orders,68,MMI-O-3064,"is_fixture = 1, stamped by monti.seed at insert time"
orders,69,MMI-O-3065,"is_fixture = 1, stamped by monti.seed at insert time"
orders,70,MMI-O-3066,"is_fixture = 1, stamped by monti.seed at insert time"
orders,71,MMI-O-3067,"is_fixture = 1, stamped by monti.seed at insert time"
orders,72,MMI-O-3068,"is_fixture = 1, stamped by monti.seed at insert time"
orders,73,MMI-O-3069,"is_fixture = 1, stamped by monti.seed at insert time"
orders,74,MMI-O-3070,"is_fixture = 1, stamped by monti.seed at insert time"
orders,75,MMI-O-3071,"is_fixture = 1, stamped by monti.seed at insert time"
orders,76,MMI-O-3072,"is_fixture = 1, stamped by monti.seed at insert time"
orders,77,MMI-O-3073,"is_fixture = 1, stamped by monti.seed at insert time"
orders,78,MMI-O-3074,"is_fixture = 1, stamped by monti.seed at insert time"
orders,79,MMI-O-3075,"is_fixture = 1, stamped by monti.seed at insert time"
orders,80,MMI-O-3076,"is_fixture = 1, stamped by monti.seed at insert time"
orders,81,MMI-O-3077,"is_fixture = 1, stamped by monti.seed at insert time"
orders,82,MMI-O-3078,"is_fixture = 1, stamped by monti.seed at insert time"
orders,83,MMI-O-3079,"is_fixture = 1, stamped by monti.seed at insert time"
orders,84,MMI-O-3080,"is_fixture = 1, stamped by monti.seed at insert time"
orders,85,MMI-O-3081,"is_fixture = 1, stamped by monti.seed at insert time"
orders,86,MMI-O-3082,"is_fixture = 1, stamped by monti.seed at insert time"
orders,87,MMI-O-3083,"is_fixture = 1, stamped by monti.seed at insert time"
orders,88,MMI-O-3084,"is_fixture = 1, stamped by monti.seed at insert time"
orders,89,MMI-O-3085,"is_fixture = 1, stamped by monti.seed at insert time"
orders,90,MMI-O-3086,"is_fixture = 1, stamped by monti.seed at insert time"
orders,91,MMI-O-3087,"is_fixture = 1, stamped by monti.seed at insert time"
orders,92,MMI-O-3088,"is_fixture = 1, stamped by monti.seed at insert time"
orders,93,MMI-O-3089,"is_fixture = 1, stamped by monti.seed at insert time"
orders,94,MMI-O-3090,"is_fixture = 1, stamped by monti.seed at insert time"
orders,95,MMI-O-3091,"is_fixture = 1, stamped by monti.seed at insert time"
orders,96,MMI-O-3092,"is_fixture = 1, stamped by monti.seed at insert time"
orders,97,MMI-O-3093,"is_fixture = 1, stamped by monti.seed at insert time"
orders,98,MMI-O-3094,"is_fixture = 1, stamped by monti.seed at insert time"
orders,99,MMI-O-3095,"is_fixture = 1, stamped by monti.seed at insert time"
orders,100,MMI-O-3096,"is_fixture = 1, stamped by monti.seed at insert time"
orders,101,MMI-O-3097,"is_fixture = 1, stamped by monti.seed at insert time"
orders,102,MMI-O-3098,"is_fixture = 1, stamped by monti.seed at insert time"
orders,103,MMI-O-3099,"is_fixture = 1, stamped by monti.seed at insert time"
orders,104,MMI-O-3100,"is_fixture = 1, stamped by monti.seed at insert time"
orders,105,MMI-O-3101,"is_fixture = 1, stamped by monti.seed at insert time"
orders,106,MMI-O-3102,"is_fixture = 1, stamped by monti.seed at insert time"
orders,107,MMI-O-3103,"is_fixture = 1, stamped by monti.seed at insert time"
orders,108,MMI-O-3104,"is_fixture = 1, stamped by monti.seed at insert time"
orders,109,MMI-O-3105,"is_fixture = 1, stamped by monti.seed at insert time"
orders,110,MMI-O-3106,"is_fixture = 1, stamped by monti.seed at insert time"
orders,111,MMI-O-3107,"is_fixture = 1, stamped by monti.seed at insert time"
orders,112,MMI-O-3108,"is_fixture = 1, stamped by monti.seed at insert time"
orders,113,MMI-O-3109,"is_fixture = 1, stamped by monti.seed at insert time"
orders,114,MMI-O-3110,"is_fixture = 1, stamped by monti.seed at insert time"
orders,115,MMI-O-3111,"is_fixture = 1, stamped by monti.seed at insert time"
orders,116,MMI-O-3112,"is_fixture = 1, stamped by monti.seed at insert time"
orders,117,MMI-O-3113,"is_fixture = 1, stamped by monti.seed at insert time"
orders,118,MMI-O-3114,"is_fixture = 1, stamped by monti.seed at insert time"
orders,119,MMI-O-3115,"is_fixture = 1, stamped by monti.seed at insert time"
orders,120,MMI-O-3116,"is_fixture = 1, stamped by monti.seed at insert time"
orders,121,MMI-O-3117,"is_fixture = 1, stamped by monti.seed at insert time"
orders,122,MMI-O-3118,"is_fixture = 1, stamped by monti.seed at insert time"
orders,123,MMI-O-3119,"is_fixture = 1, stamped by monti.seed at insert time"
orders,124,MMI-O-3120,"is_fixture = 1, stamped by monti.seed at insert time"
orders,125,MMI-O-3121,"is_fixture = 1, stamped by monti.seed at insert time"
orders,126,MMI-O-3122,"is_fixture = 1, stamped by monti.seed at insert time"
orders,127,MMI-O-3123,"is_fixture = 1, stamped by monti.seed at insert time"
orders,128,MMI-O-3124,"is_fixture = 1, stamped by monti.seed at insert time"
orders,129,MMI-O-3125,"is_fixture = 1, stamped by monti.seed at insert time"
orders,130,MMI-O-3126,"is_fixture = 1, stamped by monti.seed at insert time"
orders,131,MMI-O-3127,"is_fixture = 1, stamped by monti.seed at insert time"
orders,132,MMI-O-3128,"is_fixture = 1, stamped by monti.seed at insert time"
orders,133,MMI-O-3129,"is_fixture = 1, stamped by monti.seed at insert time"
orders,134,MMI-O-3130,"is_fixture = 1, stamped by monti.seed at insert time"
orders,135,MMI-O-3131,"is_fixture = 1, stamped by monti.seed at insert time"
orders,136,MMI-O-3132,"is_fixture = 1, stamped by monti.seed at insert time"
orders,137,MMI-O-3133,"is_fixture = 1, stamped by monti.seed at insert time"
orders,138,MMI-O-3134,"is_fixture = 1, stamped by monti.seed at insert time"
orders,139,MMI-O-3135,"is_fixture = 1, stamped by monti.seed at insert time"
orders,140,MMI-O-3136,"is_fixture = 1, stamped by monti.seed at insert time"
orders,141,MMI-O-3137,"is_fixture = 1, stamped by monti.seed at insert time"
orders,142,MMI-O-3138,"is_fixture = 1, stamped by monti.seed at insert time"
orders,143,MMI-O-3139,"is_fixture = 1, stamped by monti.seed at insert time"
orders,144,MMI-O-3140,"is_fixture = 1, stamped by monti.seed at insert time"
orders,145,MMI-O-3141,"is_fixture = 1, stamped by monti.seed at insert time"
orders,146,MMI-O-3142,"is_fixture = 1, stamped by monti.seed at insert time"
orders,147,MMI-O-3143,"is_fixture = 1, stamped by monti.seed at insert time"
orders,148,MMI-O-3144,"is_fixture = 1, stamped by monti.seed at insert time"
orders,149,MMI-O-3145,"is_fixture = 1, stamped by monti.seed at insert time"
orders,150,MMI-O-3146,"is_fixture = 1, stamped by monti.seed at insert time"
orders,151,MMI-O-3147,"is_fixture = 1, stamped by monti.seed at insert time"
orders,152,MMI-O-3148,"is_fixture = 1, stamped by monti.seed at insert time"
orders,153,MMI-O-3149,"is_fixture = 1, stamped by monti.seed at insert time"
orders,154,MMI-O-3150,"is_fixture = 1, stamped by monti.seed at insert time"
orders,155,MMI-O-3151,"is_fixture = 1, stamped by monti.seed at insert time"
orders,156,MMI-O-3152,"is_fixture = 1, stamped by monti.seed at insert time"
orders,157,MMI-O-3153,"is_fixture = 1, stamped by monti.seed at insert time"
orders,158,MMI-O-3154,"is_fixture = 1, stamped by monti.seed at insert time"
orders,159,MMI-O-3155,"is_fixture = 1, stamped by monti.seed at insert time"
orders,160,MMI-O-3156,"is_fixture = 1, stamped by monti.seed at insert time"
orders,161,MMI-O-3157,"is_fixture = 1, stamped by monti.seed at insert time"
orders,162,MMI-O-3158,"is_fixture = 1, stamped by monti.seed at insert time"
orders,163,MMI-O-3159,"is_fixture = 1, stamped by monti.seed at insert time"
orders,164,MMI-O-3160,"is_fixture = 1, stamped by monti.seed at insert time"
orders,165,MMI-O-3161,"is_fixture = 1, stamped by monti.seed at insert time"
orders,166,MMI-O-3162,"is_fixture = 1, stamped by monti.seed at insert time"
orders,167,MMI-O-3163,"is_fixture = 1, stamped by monti.seed at insert time"
orders,168,MMI-O-3164,"is_fixture = 1, stamped by monti.seed at insert time"
orders,169,MMI-O-3165,"is_fixture = 1, stamped by monti.seed at insert time"
orders,170,MMI-O-3166,"is_fixture = 1, stamped by monti.seed at insert time"
orders,171,MMI-O-3167,"is_fixture = 1, stamped by monti.seed at insert time"
orders,172,MMI-O-3168,"is_fixture = 1, stamped by monti.seed at insert time"
orders,173,MMI-O-3169,"is_fixture = 1, stamped by monti.seed at insert time"
orders,174,MMI-O-3170,"is_fixture = 1, stamped by monti.seed at insert time"
orders,175,MMI-O-3171,"is_fixture = 1, stamped by monti.seed at insert time"
orders,176,MMI-O-3172,"is_fixture = 1, stamped by monti.seed at insert time"
orders,177,MMI-O-3173,"is_fixture = 1, stamped by monti.seed at insert time"
orders,178,MMI-O-3174,"is_fixture = 1, stamped by monti.seed at insert time"
orders,179,MMI-O-3175,"is_fixture = 1, stamped by monti.seed at insert time"
orders,180,MMI-O-3176,"is_fixture = 1, stamped by monti.seed at insert time"
orders,181,MMI-O-3177,"is_fixture = 1, stamped by monti.seed at insert time"
orders,182,MMI-O-3178,"is_fixture = 1, stamped by monti.seed at insert time"
orders,183,MMI-O-3179,"is_fixture = 1, stamped by monti.seed at insert time"
orders,184,MMI-O-3180,"is_fixture = 1, stamped by monti.seed at insert time"
orders,185,MMI-O-3181,"is_fixture = 1, stamped by monti.seed at insert time"
orders,186,MMI-O-3182,"is_fixture = 1, stamped by monti.seed at insert time"
orders,187,MMI-O-3183,"is_fixture = 1, stamped by monti.seed at insert time"
orders,188,MMI-O-3184,"is_fixture = 1, stamped by monti.seed at insert time"
orders,189,MMI-O-3185,"is_fixture = 1, stamped by monti.seed at insert time"
orders,190,MMI-O-3186,"is_fixture = 1, stamped by monti.seed at insert time"
orders,191,MMI-O-3187,"is_fixture = 1, stamped by monti.seed at insert time"
orders,192,MMI-O-3188,"is_fixture = 1, stamped by monti.seed at insert time"
orders,193,MMI-O-3189,"is_fixture = 1, stamped by monti.seed at insert time"
orders,194,MMI-O-3190,"is_fixture = 1, stamped by monti.seed at insert time"
orders,195,MMI-O-3191,"is_fixture = 1, stamped by monti.seed at insert time"
orders,196,MMI-O-3192,"is_fixture = 1, stamped by monti.seed at insert time"
orders,197,MMI-O-3193,"is_fixture = 1, stamped by monti.seed at insert time"
orders,198,MMI-O-3194,"is_fixture = 1, stamped by monti.seed at insert time"
orders,199,MMI-O-3195,"is_fixture = 1, stamped by monti.seed at insert time"
orders,200,MMI-O-3196,"is_fixture = 1, stamped by monti.seed at insert time"
orders,201,MMI-O-3197,"is_fixture = 1, stamped by monti.seed at insert time"
orders,202,MMI-O-3198,"is_fixture = 1, stamped by monti.seed at insert time"
orders,203,MMI-O-3199,"is_fixture = 1, stamped by monti.seed at insert time"
orders,204,MMI-O-3200,"is_fixture = 1, stamped by monti.seed at insert time"
orders,205,MMI-O-3201,"is_fixture = 1, stamped by monti.seed at insert time"
orders,206,MMI-O-3202,"is_fixture = 1, stamped by monti.seed at insert time"
orders,207,MMI-O-3203,"is_fixture = 1, stamped by monti.seed at insert time"
orders,208,MMI-O-3204,"is_fixture = 1, stamped by monti.seed at insert time"
orders,209,MMI-O-3205,"is_fixture = 1, stamped by monti.seed at insert time"
orders,210,MMI-O-3206,"is_fixture = 1, stamped by monti.seed at insert time"
orders,211,MMI-O-3207,"is_fixture = 1, stamped by monti.seed at insert time"
orders,212,MMI-O-3208,"is_fixture = 1, stamped by monti.seed at insert time"
orders,213,MMI-O-3209,"is_fixture = 1, stamped by monti.seed at insert time"
orders,214,MMI-O-3210,"is_fixture = 1, stamped by monti.seed at insert time"
orders,215,MMI-O-3211,"is_fixture = 1, stamped by monti.seed at insert time"
orders,216,MMI-O-3212,"is_fixture = 1, stamped by monti.seed at insert time"
orders,217,MMI-O-3213,"is_fixture = 1, stamped by monti.seed at insert time"
orders,218,MMI-O-3214,"is_fixture = 1, stamped by monti.seed at insert time"
orders,219,MMI-O-3215,"is_fixture = 1, stamped by monti.seed at insert time"
orders,220,MMI-O-3216,"is_fixture = 1, stamped by monti.seed at insert time"
orders,221,MMI-O-3217,"is_fixture = 1, stamped by monti.seed at insert time"
orders,222,MMI-O-3218,"is_fixture = 1, stamped by monti.seed at insert time"
orders,223,MMI-O-3219,"is_fixture = 1, stamped by monti.seed at insert time"
orders,224,MMI-O-3220,"is_fixture = 1, stamped by monti.seed at insert time"
orders,225,MMI-O-3221,"is_fixture = 1, stamped by monti.seed at insert time"
orders,226,MMI-O-3222,"is_fixture = 1, stamped by monti.seed at insert time"
orders,227,MMI-O-3223,"is_fixture = 1, stamped by monti.seed at insert time"
orders,228,MMI-O-3224,"is_fixture = 1, stamped by monti.seed at insert time"
orders,229,MMI-O-3225,"is_fixture = 1, stamped by monti.seed at insert time"
orders,230,MMI-O-3226,"is_fixture = 1, stamped by monti.seed at insert time"
orders,231,MMI-O-3227,"is_fixture = 1, stamped by monti.seed at insert time"
orders,232,MMI-O-3228,"is_fixture = 1, stamped by monti.seed at insert time"
orders,233,MMI-O-3229,"is_fixture = 1, stamped by monti.seed at insert time"
orders,234,MMI-O-3230,"is_fixture = 1, stamped by monti.seed at insert time"
orders,235,MMI-O-3231,"is_fixture = 1, stamped by monti.seed at insert time"
orders,236,MMI-O-3232,"is_fixture = 1, stamped by monti.seed at insert time"
orders,237,MMI-O-3233,"is_fixture = 1, stamped by monti.seed at insert time"
orders,238,MMI-O-3234,"is_fixture = 1, stamped by monti.seed at insert time"
orders,239,MMI-O-3235,"is_fixture = 1, stamped by monti.seed at insert time"
orders,240,MMI-O-3236,"is_fixture = 1, stamped by monti.seed at insert time"
orders,241,MMI-O-3237,"is_fixture = 1, stamped by monti.seed at insert time"
orders,242,MMI-O-3238,"is_fixture = 1, stamped by monti.seed at insert time"
orders,243,MMI-O-3239,"is_fixture = 1, stamped by monti.seed at insert time"
orders,244,MMI-O-3240,"is_fixture = 1, stamped by monti.seed at insert time"
orders,245,MMI-O-3241,"is_fixture = 1, stamped by monti.seed at insert time"
orders,246,MMI-O-3242,"is_fixture = 1, stamped by monti.seed at insert time"
orders,247,MMI-O-3243,"is_fixture = 1, stamped by monti.seed at insert time"
orders,248,MMI-O-3244,"is_fixture = 1, stamped by monti.seed at insert time"
orders,249,MMI-O-3245,"is_fixture = 1, stamped by monti.seed at insert time"
orders,250,MMI-O-3246,"is_fixture = 1, stamped by monti.seed at insert time"
orders,251,MMI-O-3247,"is_fixture = 1, stamped by monti.seed at insert time"
orders,252,MMI-O-3248,"is_fixture = 1, stamped by monti.seed at insert time"
orders,253,MMI-O-3249,"is_fixture = 1, stamped by monti.seed at insert time"
orders,254,MMI-O-3250,"is_fixture = 1, stamped by monti.seed at insert time"
orders,255,MMI-O-3251,"is_fixture = 1, stamped by monti.seed at insert time"
orders,256,MMI-O-3252,"is_fixture = 1, stamped by monti.seed at insert time"
orders,257,MMI-O-3253,"is_fixture = 1, stamped by monti.seed at insert time"
orders,258,MMI-O-3254,"is_fixture = 1, stamped by monti.seed at insert time"
orders,259,MMI-O-3255,"is_fixture = 1, stamped by monti.seed at insert time"
orders,260,MMI-O-3256,"is_fixture = 1, stamped by monti.seed at insert time"
orders,261,MMI-O-3257,"is_fixture = 1, stamped by monti.seed at insert time"
orders,262,MMI-O-3258,"is_fixture = 1, stamped by monti.seed at insert time"
orders,263,MMI-O-3259,"is_fixture = 1, stamped by monti.seed at insert time"
orders,264,MMI-O-3260,"is_fixture = 1, stamped by monti.seed at insert time"
orders,265,MMI-O-3261,"is_fixture = 1, stamped by monti.seed at insert time"
orders,266,MMI-O-3262,"is_fixture = 1, stamped by monti.seed at insert time"
orders,267,MMI-O-3263,"is_fixture = 1, stamped by monti.seed at insert time"
orders,268,MMI-O-3264,"is_fixture = 1, stamped by monti.seed at insert time"
orders,269,MMI-O-3265,"is_fixture = 1, stamped by monti.seed at insert time"
orders,270,MMI-O-3266,"is_fixture = 1, stamped by monti.seed at insert time"
orders,271,MMI-O-3267,"is_fixture = 1, stamped by monti.seed at insert time"
orders,272,MMI-O-3268,"is_fixture = 1, stamped by monti.seed at insert time"
orders,273,MMI-O-3269,"is_fixture = 1, stamped by monti.seed at insert time"
orders,274,MMI-O-3270,"is_fixture = 1, stamped by monti.seed at insert time"
orders,275,MMI-O-3271,"is_fixture = 1, stamped by monti.seed at insert time"
orders,276,MMI-O-3272,"is_fixture = 1, stamped by monti.seed at insert time"
orders,277,MMI-O-3273,"is_fixture = 1, stamped by monti.seed at insert time"
orders,278,MMI-O-3274,"is_fixture = 1, stamped by monti.seed at insert time"
orders,279,MMI-O-3275,"is_fixture = 1, stamped by monti.seed at insert time"
orders,280,MMI-O-3276,"is_fixture = 1, stamped by monti.seed at insert time"
orders,281,MMI-O-3277,"is_fixture = 1, stamped by monti.seed at insert time"
orders,282,MMI-O-3278,"is_fixture = 1, stamped by monti.seed at insert time"
orders,283,MMI-O-3279,"is_fixture = 1, stamped by monti.seed at insert time"
orders,284,MMI-O-3280,"is_fixture = 1, stamped by monti.seed at insert time"
orders,285,MMI-O-3281,"is_fixture = 1, stamped by monti.seed at insert time"
orders,286,MMI-O-3282,"is_fixture = 1, stamped by monti.seed at insert time"
orders,287,MMI-O-3283,"is_fixture = 1, stamped by monti.seed at insert time"
orders,288,MMI-O-3284,"is_fixture = 1, stamped by monti.seed at insert time"
orders,289,MMI-O-3285,"is_fixture = 1, stamped by monti.seed at insert time"
orders,290,MMI-O-3286,"is_fixture = 1, stamped by monti.seed at insert time"
orders,291,MMI-O-3287,"is_fixture = 1, stamped by monti.seed at insert time"
orders,292,MMI-O-3288,"is_fixture = 1, stamped by monti.seed at insert time"
orders,293,MMI-O-3289,"is_fixture = 1, stamped by monti.seed at insert time"
orders,294,MMI-O-3290,"is_fixture = 1, stamped by monti.seed at insert time"
orders,295,MMI-O-3291,"is_fixture = 1, stamped by monti.seed at insert time"
orders,296,MMI-O-3292,"is_fixture = 1, stamped by monti.seed at insert time"
orders,297,MMI-O-3293,"is_fixture = 1, stamped by monti.seed at insert time"
orders,298,MMI-O-3294,"is_fixture = 1, stamped by monti.seed at insert time"
orders,299,MMI-O-3295,"is_fixture = 1, stamped by monti.seed at insert time"
orders,300,MMI-O-3296,"is_fixture = 1, stamped by monti.seed at insert time"
orders,301,MMI-O-3297,"is_fixture = 1, stamped by monti.seed at insert time"
orders,302,MMI-O-3298,"is_fixture = 1, stamped by monti.seed at insert time"
orders,303,MMI-O-3299,"is_fixture = 1, stamped by monti.seed at insert time"
orders,304,MMI-O-3300,"is_fixture = 1, stamped by monti.seed at insert time"
orders,305,MMI-O-3301,"is_fixture = 1, stamped by monti.seed at insert time"
orders,306,MMI-O-3302,"is_fixture = 1, stamped by monti.seed at insert time"
orders,307,MMI-O-3303,"is_fixture = 1, stamped by monti.seed at insert time"
orders,308,MMI-O-3304,"is_fixture = 1, stamped by monti.seed at insert time"
orders,309,MMI-O-3305,"is_fixture = 1, stamped by monti.seed at insert time"
orders,310,MMI-O-3306,"is_fixture = 1, stamped by monti.seed at insert time"
orders,311,MMI-O-3307,"is_fixture = 1, stamped by monti.seed at insert time"
orders,312,MMI-O-3308,"is_fixture = 1, stamped by monti.seed at insert time"
orders,313,MMI-O-3309,"is_fixture = 1, stamped by monti.seed at insert time"
orders,314,MMI-O-3310,"is_fixture = 1, stamped by monti.seed at insert time"
orders,315,MMI-O-3311,"is_fixture = 1, stamped by monti.seed at insert time"
orders,316,MMI-O-3312,"is_fixture = 1, stamped by monti.seed at insert time"
orders,317,MMI-O-3313,"is_fixture = 1, stamped by monti.seed at insert time"
orders,318,MMI-O-3314,"is_fixture = 1, stamped by monti.seed at insert time"
orders,319,MMI-O-3315,"is_fixture = 1, stamped by monti.seed at insert time"
orders,320,MMI-O-3316,"is_fixture = 1, stamped by monti.seed at insert time"
orders,321,MMI-O-3317,"is_fixture = 1, stamped by monti.seed at insert time"
orders,322,MMI-O-3318,"is_fixture = 1, stamped by monti.seed at insert time"
orders,323,MMI-O-3319,"is_fixture = 1, stamped by monti.seed at insert time"
orders,324,MMI-O-3320,"is_fixture = 1, stamped by monti.seed at insert time"
orders,325,MMI-O-3321,"is_fixture = 1, stamped by monti.seed at insert time"
orders,326,MMI-O-3322,"is_fixture = 1, stamped by monti.seed at insert time"
orders,327,MMI-O-3323,"is_fixture = 1, stamped by monti.seed at insert time"
orders,328,MMI-O-3324,"is_fixture = 1, stamped by monti.seed at insert time"
orders,329,MMI-O-3325,"is_fixture = 1, stamped by monti.seed at insert time"
orders,330,MMI-O-3326,"is_fixture = 1, stamped by monti.seed at insert time"
orders,331,MMI-O-3327,"is_fixture = 1, stamped by monti.seed at insert time"
orders,332,MMI-O-3328,"is_fixture = 1, stamped by monti.seed at insert time"
orders,333,MMI-O-3329,"is_fixture = 1, stamped by monti.seed at insert time"
orders,334,MMI-O-3330,"is_fixture = 1, stamped by monti.seed at insert time"
orders,335,MMI-O-3331,"is_fixture = 1, stamped by monti.seed at insert time"
orders,336,MMI-O-3332,"is_fixture = 1, stamped by monti.seed at insert time"
orders,337,MMI-O-3333,"is_fixture = 1, stamped by monti.seed at insert time"
orders,338,MMI-O-3334,"is_fixture = 1, stamped by monti.seed at insert time"
orders,339,MMI-O-3335,"is_fixture = 1, stamped by monti.seed at insert time"
orders,340,MMI-O-3336,"is_fixture = 1, stamped by monti.seed at insert time"
orders,341,MMI-O-3337,"is_fixture = 1, stamped by monti.seed at insert time"
orders,342,MMI-O-3338,"is_fixture = 1, stamped by monti.seed at insert time"
orders,343,MMI-O-3339,"is_fixture = 1, stamped by monti.seed at insert time"
orders,344,MMI-O-3340,"is_fixture = 1, stamped by monti.seed at insert time"
orders,345,MMI-O-3341,"is_fixture = 1, stamped by monti.seed at insert time"
orders,346,MMI-O-3342,"is_fixture = 1, stamped by monti.seed at insert time"
orders,347,MMI-O-3343,"is_fixture = 1, stamped by monti.seed at insert time"
orders,348,MMI-O-3344,"is_fixture = 1, stamped by monti.seed at insert time"
orders,349,MMI-O-3345,"is_fixture = 1, stamped by monti.seed at insert time"
orders,350,MMI-O-3346,"is_fixture = 1, stamped by monti.seed at insert time"
orders,351,MMI-O-3347,"is_fixture = 1, stamped by monti.seed at insert time"
orders,352,MMI-O-3348,"is_fixture = 1, stamped by monti.seed at insert time"
orders,353,MMI-O-3349,"is_fixture = 1, stamped by monti.seed at insert time"
orders,354,MMI-O-3350,"is_fixture = 1, stamped by monti.seed at insert time"
orders,355,MMI-O-3351,"is_fixture = 1, stamped by monti.seed at insert time"
orders,356,MMI-O-3352,"is_fixture = 1, stamped by monti.seed at insert time"
orders,357,MMI-O-3353,"is_fixture = 1, stamped by monti.seed at insert time"
orders,358,MMI-O-3354,"is_fixture = 1, stamped by monti.seed at insert time"
orders,359,MMI-O-3355,"is_fixture = 1, stamped by monti.seed at insert time"
orders,360,MMI-O-3356,"is_fixture = 1, stamped by monti.seed at insert time"
orders,361,MMI-O-3357,"is_fixture = 1, stamped by monti.seed at insert time"
orders,362,MMI-O-3358,"is_fixture = 1, stamped by monti.seed at insert time"
orders,363,MMI-O-3359,"is_fixture = 1, stamped by monti.seed at insert time"
orders,364,MMI-O-3360,"is_fixture = 1, stamped by monti.seed at insert time"
orders,365,MMI-O-3361,"is_fixture = 1, stamped by monti.seed at insert time"
orders,366,MMI-O-3362,"is_fixture = 1, stamped by monti.seed at insert time"
orders,367,MMI-O-3363,"is_fixture = 1, stamped by monti.seed at insert time"
orders,368,MMI-O-3364,"is_fixture = 1, stamped by monti.seed at insert time"
orders,369,MMI-O-3365,"is_fixture = 1, stamped by monti.seed at insert time"
orders,370,MMI-O-3366,"is_fixture = 1, stamped by monti.seed at insert time"
orders,371,MMI-O-3367,"is_fixture = 1, stamped by monti.seed at insert time"
orders,372,MMI-O-3368,"is_fixture = 1, stamped by monti.seed at insert time"
orders,373,MMI-O-3369,"is_fixture = 1, stamped by monti.seed at insert time"
orders,374,MMI-O-3370,"is_fixture = 1, stamped by monti.seed at insert time"
orders,375,MMI-O-3371,"is_fixture = 1, stamped by monti.seed at insert time"
orders,376,MMI-O-3372,"is_fixture = 1, stamped by monti.seed at insert time"
orders,377,MMI-O-3373,"is_fixture = 1, stamped by monti.seed at insert time"
orders,378,MMI-O-3374,"is_fixture = 1, stamped by monti.seed at insert time"
orders,379,MMI-O-3375,"is_fixture = 1, stamped by monti.seed at insert time"
orders,380,MMI-O-3376,"is_fixture = 1, stamped by monti.seed at insert time"
orders,381,MMI-O-3377,"is_fixture = 1, stamped by monti.seed at insert time"
orders,382,MMI-O-3378,"is_fixture = 1, stamped by monti.seed at insert time"
orders,383,MMI-O-3379,"is_fixture = 1, stamped by monti.seed at insert time"
orders,384,MMI-O-3380,"is_fixture = 1, stamped by monti.seed at insert time"
orders,385,MMI-O-3381,"is_fixture = 1, stamped by monti.seed at insert time"
orders,386,MMI-O-3382,"is_fixture = 1, stamped by monti.seed at insert time"
orders,387,MMI-O-3383,"is_fixture = 1, stamped by monti.seed at insert time"
orders,388,MMI-O-3384,"is_fixture = 1, stamped by monti.seed at insert time"
orders,389,MMI-O-3385,"is_fixture = 1, stamped by monti.seed at insert time"
orders,390,MMI-O-3386,"is_fixture = 1, stamped by monti.seed at insert time"
orders,391,MMI-O-3387,"is_fixture = 1, stamped by monti.seed at insert time"
orders,392,MMI-O-3388,"is_fixture = 1, stamped by monti.seed at insert time"
orders,393,MMI-O-3389,"is_fixture = 1, stamped by monti.seed at insert time"
orders,394,MMI-O-3390,"is_fixture = 1, stamped by monti.seed at insert time"
orders,395,MMI-O-3391,"is_fixture = 1, stamped by monti.seed at insert time"
orders,396,MMI-O-3392,"is_fixture = 1, stamped by monti.seed at insert time"
orders,397,MMI-O-3393,"is_fixture = 1, stamped by monti.seed at insert time"
orders,398,MMI-O-3394,"is_fixture = 1, stamped by monti.seed at insert time"
orders,399,MMI-O-3395,"is_fixture = 1, stamped by monti.seed at insert time"
orders,400,MMI-O-3396,"is_fixture = 1, stamped by monti.seed at insert time"
orders,401,MMI-O-3397,"is_fixture = 1, stamped by monti.seed at insert time"
orders,402,MMI-O-3398,"is_fixture = 1, stamped by monti.seed at insert time"
orders,403,MMI-O-3399,"is_fixture = 1, stamped by monti.seed at insert time"
orders,404,MMI-O-3400,"is_fixture = 1, stamped by monti.seed at insert time"
orders,405,MMI-O-3401,"is_fixture = 1, stamped by monti.seed at insert time"
orders,406,MMI-O-3402,"is_fixture = 1, stamped by monti.seed at insert time"
orders,407,MMI-O-3403,"is_fixture = 1, stamped by monti.seed at insert time"
orders,408,MMI-O-3404,"is_fixture = 1, stamped by monti.seed at insert time"
orders,409,MMI-O-3405,"is_fixture = 1, stamped by monti.seed at insert time"
orders,410,MMI-O-3406,"is_fixture = 1, stamped by monti.seed at insert time"
orders,411,MMI-O-3407,"is_fixture = 1, stamped by monti.seed at insert time"
orders,412,MMI-O-3408,"is_fixture = 1, stamped by monti.seed at insert time"
orders,413,MMI-O-3409,"is_fixture = 1, stamped by monti.seed at insert time"
orders,414,MMI-O-3410,"is_fixture = 1, stamped by monti.seed at insert time"
orders,415,MMI-O-3411,"is_fixture = 1, stamped by monti.seed at insert time"
orders,416,MMI-O-3412,"is_fixture = 1, stamped by monti.seed at insert time"
orders,417,MMI-O-3413,"is_fixture = 1, stamped by monti.seed at insert time"
orders,418,MMI-O-3414,"is_fixture = 1, stamped by monti.seed at insert time"
orders,419,MMI-O-3415,"is_fixture = 1, stamped by monti.seed at insert time"
orders,420,MMI-O-3416,"is_fixture = 1, stamped by monti.seed at insert time"
orders,421,MMI-O-3417,"is_fixture = 1, stamped by monti.seed at insert time"
orders,422,MMI-O-3418,"is_fixture = 1, stamped by monti.seed at insert time"
orders,423,MMI-O-3419,"is_fixture = 1, stamped by monti.seed at insert time"
orders,424,MMI-O-3420,"is_fixture = 1, stamped by monti.seed at insert time"
orders,425,MMI-O-3421,"is_fixture = 1, stamped by monti.seed at insert time"
orders,426,MMI-O-3422,"is_fixture = 1, stamped by monti.seed at insert time"
orders,427,MMI-O-3423,"is_fixture = 1, stamped by monti.seed at insert time"
orders,428,MMI-O-3424,"is_fixture = 1, stamped by monti.seed at insert time"
orders,429,MMI-O-3425,"is_fixture = 1, stamped by monti.seed at insert time"
orders,430,MMI-O-3426,"is_fixture = 1, stamped by monti.seed at insert time"
orders,431,MMI-O-3427,"is_fixture = 1, stamped by monti.seed at insert time"
orders,432,MMI-O-3428,"is_fixture = 1, stamped by monti.seed at insert time"
orders,433,MMI-O-3429,"is_fixture = 1, stamped by monti.seed at insert time"
orders,434,MMI-O-3430,"is_fixture = 1, stamped by monti.seed at insert time"
orders,435,MMI-O-3431,"is_fixture = 1, stamped by monti.seed at insert time"
orders,436,MMI-O-3432,"is_fixture = 1, stamped by monti.seed at insert time"
orders,437,MMI-O-3433,"is_fixture = 1, stamped by monti.seed at insert time"
orders,438,MMI-O-3434,"is_fixture = 1, stamped by monti.seed at insert time"
orders,439,MMI-O-3435,"is_fixture = 1, stamped by monti.seed at insert time"
orders,440,MMI-O-3436,"is_fixture = 1, stamped by monti.seed at insert time"
orders,441,MMI-O-3437,"is_fixture = 1, stamped by monti.seed at insert time"
orders,442,MMI-O-3438,"is_fixture = 1, stamped by monti.seed at insert time"
orders,443,MMI-O-3439,"is_fixture = 1, stamped by monti.seed at insert time"
orders,444,MMI-O-3440,"is_fixture = 1, stamped by monti.seed at insert time"
orders,445,MMI-O-3441,"is_fixture = 1, stamped by monti.seed at insert time"
orders,446,MMI-O-3442,"is_fixture = 1, stamped by monti.seed at insert time"
orders,447,MMI-O-3443,"is_fixture = 1, stamped by monti.seed at insert time"
orders,448,MMI-O-3444,"is_fixture = 1, stamped by monti.seed at insert time"
orders,449,MMI-O-3445,"is_fixture = 1, stamped by monti.seed at insert time"
orders,450,MMI-O-3446,"is_fixture = 1, stamped by monti.seed at insert time"
orders,451,MMI-O-3447,"is_fixture = 1, stamped by monti.seed at insert time"
orders,452,MMI-O-3448,"is_fixture = 1, stamped by monti.seed at insert time"
orders,453,MMI-O-3449,"is_fixture = 1, stamped by monti.seed at insert time"
orders,454,MMI-O-3450,"is_fixture = 1, stamped by monti.seed at insert time"
orders,455,MMI-O-3451,"is_fixture = 1, stamped by monti.seed at insert time"
orders,456,MMI-O-3452,"is_fixture = 1, stamped by monti.seed at insert time"
orders,457,MMI-O-3453,"is_fixture = 1, stamped by monti.seed at insert time"
orders,458,MMI-O-3454,"is_fixture = 1, stamped by monti.seed at insert time"
orders,459,MMI-O-3455,"is_fixture = 1, stamped by monti.seed at insert time"
orders,460,MMI-O-3456,"is_fixture = 1, stamped by monti.seed at insert time"
orders,461,MMI-O-3457,"is_fixture = 1, stamped by monti.seed at insert time"
orders,462,MMI-O-3458,"is_fixture = 1, stamped by monti.seed at insert time"
orders,463,MMI-O-3459,"is_fixture = 1, stamped by monti.seed at insert time"
orders,464,MMI-O-3460,"is_fixture = 1, stamped by monti.seed at insert time"
orders,465,MMI-O-3461,"is_fixture = 1, stamped by monti.seed at insert time"
catalog_items,1,MMI-2001,"is_fixture = 1, stamped by monti.seed at insert time"
catalog_items,2,MMI-2002,"is_fixture = 1, stamped by monti.seed at insert time"
catalog_items,3,MMI-2003,"is_fixture = 1, stamped by monti.seed at insert time"
catalog_items,4,MMI-2004,"is_fixture = 1, stamped by monti.seed at insert time"
catalog_items,5,MMI-2005,"is_fixture = 1, stamped by monti.seed at insert time"
catalog_items,6,MMI-2006,"is_fixture = 1, stamped by monti.seed at insert time"
catalog_items,7,MMI-3001,"is_fixture = 1, stamped by monti.seed at insert time"
